﻿<?xml version="1.0" encoding="utf-8"?>
<logs>
  <book_logs>
    <book_log>
      <isbn>9780525534969</isbn>
      <title>Becoming</title>
      <check_out_logs />
      <check_in_logs />
      <renew_book_logs />
      <edit_book_logs>
        <log>
          <date>18/04/2023 02:04:47</date>
          <isbn>9780525534969</isbn>
          <library_card_number />
          <description>new book added to the system with the title 'Becoming' and the isbn 9780525534969</description>
        </log>
      </edit_book_logs>
    </book_log>
    <book_log>
      <isbn>9780008272614</isbn>
      <title>Eleanor Oliphant is Completely Fine</title>
      <check_out_logs />
      <check_in_logs />
      <renew_book_logs />
      <edit_book_logs>
        <log>
          <date>18/04/2023 02:04:47</date>
          <isbn>9780008272614</isbn>
          <library_card_number />
          <description>new book added to the system with the title 'Eleanor Oliphant is Completely Fine' and the isbn 9780008272614</description>
        </log>
      </edit_book_logs>
    </book_log>
    <book_log>
      <isbn>9780141986005</isbn>
      <title>Sapiens: A Brief History of Humankind</title>
      <check_out_logs />
      <check_in_logs />
      <renew_book_logs>
        <log>
          <date>18/04/2023 02:05:44</date>
          <isbn>9780141986005</isbn>
          <library_card_number>01d49c54-1326-447b-a820-52cd3c53c9ffe</library_card_number>
          <description>book checkout renewed by Johnathon Millard</description>
        </log>
      </renew_book_logs>
      <edit_book_logs>
        <log>
          <date>18/04/2023 02:04:47</date>
          <isbn>9780141986005</isbn>
          <library_card_number />
          <description>new book added to the system with the title 'Sapiens: A Brief History of Humankind' and the isbn 9780141986005</description>
        </log>
      </edit_book_logs>
    </book_log>
    <book_log>
      <isbn>9780553103540</isbn>
      <title>A Game of Thrones</title>
      <check_out_logs />
      <check_in_logs />
      <renew_book_logs />
      <edit_book_logs>
        <log>
          <date>18/04/2023 02:04:47</date>
          <isbn>9780553103540</isbn>
          <library_card_number />
          <description>new book added to the system with the title 'A Game of Thrones' and the isbn 9780553103540</description>
        </log>
      </edit_book_logs>
    </book_log>
    <book_log>
      <isbn>9780141439563</isbn>
      <title>Jane Eyre</title>
      <check_out_logs />
      <check_in_logs />
      <renew_book_logs />
      <edit_book_logs>
        <log>
          <date>18/04/2023 02:04:47</date>
          <isbn>9780141439563</isbn>
          <library_card_number />
          <description>new book added to the system with the title 'Jane Eyre' and the isbn 9780141439563</description>
        </log>
      </edit_book_logs>
    </book_log>
    <book_log>
      <isbn>9780743273565</isbn>
      <title>Angela's Ashes</title>
      <check_out_logs />
      <check_in_logs />
      <renew_book_logs />
      <edit_book_logs>
        <log>
          <date>18/04/2023 02:04:47</date>
          <isbn>9780743273565</isbn>
          <library_card_number />
          <description>new book added to the system with the title 'Angela's Ashes' and the isbn 9780743273565</description>
        </log>
      </edit_book_logs>
    </book_log>
    <book_log>
      <isbn>9780679783275</isbn>
      <title>The Picture of Dorian Gray</title>
      <check_out_logs />
      <check_in_logs />
      <renew_book_logs />
      <edit_book_logs>
        <log>
          <date>18/04/2023 02:04:47</date>
          <isbn>9780679783275</isbn>
          <library_card_number />
          <description>new book added to the system with the title 'The Picture of Dorian Gray' and the isbn 9780679783275</description>
        </log>
      </edit_book_logs>
    </book_log>
    <book_log>
      <isbn>9780553212477</isbn>
      <title>Pride and Prejudice</title>
      <check_out_logs />
      <check_in_logs />
      <renew_book_logs />
      <edit_book_logs>
        <log>
          <date>18/04/2023 02:04:47</date>
          <isbn>9780553212477</isbn>
          <library_card_number />
          <description>new book added to the system with the title 'Pride and Prejudice' and the isbn 9780553212477</description>
        </log>
      </edit_book_logs>
    </book_log>
    <book_log>
      <isbn>9781400078776</isbn>
      <title>Midnight's Children</title>
      <check_out_logs />
      <check_in_logs />
      <renew_book_logs />
      <edit_book_logs>
        <log>
          <date>18/04/2023 02:04:47</date>
          <isbn>9781400078776</isbn>
          <library_card_number />
          <description>new book added to the system with the title 'Midnight's Children' and the isbn 9781400078776</description>
        </log>
      </edit_book_logs>
    </book_log>
    <book_log>
      <isbn>9780670026197</isbn>
      <title>The Goldfinch</title>
      <check_out_logs />
      <check_in_logs />
      <renew_book_logs>
        <log>
          <date>18/04/2023 02:07:08</date>
          <isbn>9780670026197</isbn>
          <library_card_number>01d49c54-1326-447b-a820-52cd3c53c9ffe</library_card_number>
          <description>book checkout renewed by Johnathon Millard</description>
        </log>
      </renew_book_logs>
      <edit_book_logs>
        <log>
          <date>18/04/2023 02:04:47</date>
          <isbn>9780670026197</isbn>
          <library_card_number />
          <description>new book added to the system with the title 'The Goldfinch' and the isbn 9780670026197</description>
        </log>
      </edit_book_logs>
    </book_log>
    <book_log>
      <isbn>9780316346627</isbn>
      <title>The Girl on the Train</title>
      <check_out_logs />
      <check_in_logs>
        <log>
          <date>18/04/2023 02:05:28</date>
          <isbn>9780316346627</isbn>
          <library_card_number>01d49c54-1326-447b-a820-52cd3c53c9ffe</library_card_number>
          <description>book checked back in by Johnathon Millard</description>
        </log>
      </check_in_logs>
      <renew_book_logs />
      <edit_book_logs>
        <log>
          <date>18/04/2023 02:04:47</date>
          <isbn>9780316346627</isbn>
          <library_card_number />
          <description>new book added to the system with the title 'The Girl on the Train' and the isbn 9780316346627</description>
        </log>
      </edit_book_logs>
    </book_log>
    <book_log>
      <isbn>9780679601393</isbn>
      <title>The Great Gatsby</title>
      <check_out_logs />
      <check_in_logs>
        <log>
          <date>18/04/2023 02:05:32</date>
          <isbn>9780679601393</isbn>
          <library_card_number>01d49c54-1326-447b-a820-52cd3c53c9ffe</library_card_number>
          <description>book checked back in by Johnathon Millard</description>
        </log>
      </check_in_logs>
      <renew_book_logs />
      <edit_book_logs>
        <log>
          <date>18/04/2023 02:04:47</date>
          <isbn>9780679601393</isbn>
          <library_card_number />
          <description>new book added to the system with the title 'The Great Gatsby' and the isbn 9780679601393</description>
        </log>
      </edit_book_logs>
    </book_log>
    <book_log>
      <isbn>9780525566594</isbn>
      <title>The Vanishing Half</title>
      <check_out_logs />
      <check_in_logs />
      <renew_book_logs />
      <edit_book_logs>
        <log>
          <date>18/04/2023 02:04:47</date>
          <isbn>9780525566594</isbn>
          <library_card_number />
          <description>new book added to the system with the title 'The Vanishing Half' and the isbn 9780525566594</description>
        </log>
      </edit_book_logs>
    </book_log>
    <book_log>
      <isbn>9780060560909</isbn>
      <title>The Catcher in the Rye</title>
      <check_out_logs />
      <check_in_logs />
      <renew_book_logs />
      <edit_book_logs>
        <log>
          <date>18/04/2023 02:04:47</date>
          <isbn>9780060560909</isbn>
          <library_card_number />
          <description>new book added to the system with the title 'The Catcher in the Rye' and the isbn 9780060560909</description>
        </log>
      </edit_book_logs>
    </book_log>
    <book_log>
      <isbn>9780593237892</isbn>
      <title>Project Hail Mary</title>
      <check_out_logs />
      <check_in_logs />
      <renew_book_logs />
      <edit_book_logs>
        <log>
          <date>18/04/2023 02:04:47</date>
          <isbn>9780593237892</isbn>
          <library_card_number />
          <description>new book added to the system with the title 'Project Hail Mary' and the isbn 9780593237892</description>
        </log>
      </edit_book_logs>
    </book_log>
    <book_log>
      <isbn>9780140449266</isbn>
      <title>One Hundred Years of Solitude</title>
      <check_out_logs />
      <check_in_logs />
      <renew_book_logs />
      <edit_book_logs>
        <log>
          <date>18/04/2023 02:04:47</date>
          <isbn>9780140449266</isbn>
          <library_card_number />
          <description>new book added to the system with the title 'One Hundred Years of Solitude' and the isbn 9780140449266</description>
        </log>
      </edit_book_logs>
    </book_log>
    <book_log>
      <isbn>9780593310378</isbn>
      <title>The Last Thing He Told Me</title>
      <check_out_logs />
      <check_in_logs />
      <renew_book_logs>
        <log>
          <date>18/04/2023 02:06:31</date>
          <isbn>9780593310378</isbn>
          <library_card_number>01d49c54-1326-447b-a820-52cd3c53c9ffe</library_card_number>
          <description>book checkout renewed by Johnathon Millard</description>
        </log>
      </renew_book_logs>
      <edit_book_logs>
        <log>
          <date>18/04/2023 02:04:47</date>
          <isbn>9780593310378</isbn>
          <library_card_number />
          <description>new book added to the system with the title 'The Last Thing He Told Me' and the isbn 9780593310378</description>
        </log>
      </edit_book_logs>
    </book_log>
    <book_log>
      <isbn>9780451524935</isbn>
      <title>To Kill a Mockingbird</title>
      <check_out_logs />
      <check_in_logs />
      <renew_book_logs />
      <edit_book_logs>
        <log>
          <date>18/04/2023 02:04:47</date>
          <isbn>9780451524935</isbn>
          <library_card_number />
          <description>new book added to the system with the title 'To Kill a Mockingbird' and the isbn 9780451524935</description>
        </log>
      </edit_book_logs>
    </book_log>
    <book_log>
      <isbn>9780345806789</isbn>
      <title>The Handmaid's Tale</title>
      <check_out_logs />
      <check_in_logs />
      <renew_book_logs />
      <edit_book_logs>
        <log>
          <date>18/04/2023 02:04:47</date>
          <isbn>9780345806789</isbn>
          <library_card_number />
          <description>new book added to the system with the title 'The Handmaid's Tale' and the isbn 9780345806789</description>
        </log>
      </edit_book_logs>
    </book_log>
    <book_log>
      <isbn>9780399590504</isbn>
      <title>Exit West</title>
      <check_out_logs />
      <check_in_logs />
      <renew_book_logs />
      <edit_book_logs>
        <log>
          <date>18/04/2023 02:04:47</date>
          <isbn>9780399590504</isbn>
          <library_card_number />
          <description>new book added to the system with the title 'Exit West' and the isbn 9780399590504</description>
        </log>
      </edit_book_logs>
    </book_log>
    <book_log>
      <isbn>9780062325543</isbn>
      <title>Station Eleven</title>
      <check_out_logs />
      <check_in_logs />
      <renew_book_logs />
      <edit_book_logs>
        <log>
          <date>18/04/2023 02:04:47</date>
          <isbn>9780062325543</isbn>
          <library_card_number />
          <description>new book added to the system with the title 'Station Eleven' and the isbn 9780062325543</description>
        </log>
      </edit_book_logs>
    </book_log>
    <book_log>
      <isbn>9780060935467</isbn>
      <title>The Poisonwood Bible</title>
      <check_out_logs />
      <check_in_logs />
      <renew_book_logs />
      <edit_book_logs>
        <log>
          <date>18/04/2023 02:04:47</date>
          <isbn>9780060935467</isbn>
          <library_card_number />
          <description>new book added to the system with the title 'The Poisonwood Bible' and the isbn 9780060935467</description>
        </log>
      </edit_book_logs>
    </book_log>
    <book_log>
      <isbn>9780316332206</isbn>
      <title>The Nightingale</title>
      <check_out_logs />
      <check_in_logs />
      <renew_book_logs />
      <edit_book_logs>
        <log>
          <date>18/04/2023 02:04:47</date>
          <isbn>9780316332206</isbn>
          <library_card_number />
          <description>new book added to the system with the title 'The Nightingale' and the isbn 9780316332206</description>
        </log>
      </edit_book_logs>
    </book_log>
    <book_log>
      <isbn>9780385543781</isbn>
      <title>Little Fires Everywhere</title>
      <check_out_logs />
      <check_in_logs />
      <renew_book_logs />
      <edit_book_logs>
        <log>
          <date>18/04/2023 02:04:47</date>
          <isbn>9780385543781</isbn>
          <library_card_number />
          <description>new book added to the system with the title 'Little Fires Everywhere' and the isbn 9780385543781</description>
        </log>
      </edit_book_logs>
    </book_log>
    <book_log>
      <isbn>9780393356687</isbn>
      <title>On Earth We're Briefly Gorgeous</title>
      <check_out_logs />
      <check_in_logs />
      <renew_book_logs />
      <edit_book_logs>
        <log>
          <date>18/04/2023 02:04:47</date>
          <isbn>9780393356687</isbn>
          <library_card_number />
          <description>new book added to the system with the title 'On Earth We're Briefly Gorgeous' and the isbn 9780393356687</description>
        </log>
      </edit_book_logs>
    </book_log>
    <book_log>
      <isbn>9780345803311</isbn>
      <title>The Cuckoo's Calling</title>
      <check_out_logs />
      <check_in_logs />
      <renew_book_logs />
      <edit_book_logs>
        <log>
          <date>18/04/2023 02:04:47</date>
          <isbn>9780345803311</isbn>
          <library_card_number />
          <description>new book added to the system with the title 'The Cuckoo's Calling' and the isbn 9780345803311</description>
        </log>
      </edit_book_logs>
    </book_log>
    <book_log>
      <isbn>9780440241522</isbn>
      <title>Angels and Demons</title>
      <check_out_logs />
      <check_in_logs />
      <renew_book_logs />
      <edit_book_logs>
        <log>
          <date>18/04/2023 02:04:47</date>
          <isbn>9780440241522</isbn>
          <library_card_number />
          <description>new book added to the system with the title 'Angels and Demons' and the isbn 9780440241522</description>
        </log>
      </edit_book_logs>
    </book_log>
    <book_log>
      <isbn>9780743273565</isbn>
      <title>Three Cups of Tea</title>
      <check_out_logs />
      <check_in_logs />
      <renew_book_logs />
      <edit_book_logs>
        <log>
          <date>18/04/2023 02:04:47</date>
          <isbn>9780743273565</isbn>
          <library_card_number />
          <description>new book added to the system with the title 'Three Cups of Tea' and the isbn 9780743273565</description>
        </log>
      </edit_book_logs>
    </book_log>
    <book_log>
      <isbn>9780385721790</isbn>
      <title>White Teeth</title>
      <check_out_logs />
      <check_in_logs />
      <renew_book_logs />
      <edit_book_logs>
        <log>
          <date>18/04/2023 02:04:47</date>
          <isbn>9780385721790</isbn>
          <library_card_number />
          <description>new book added to the system with the title 'White Teeth' and the isbn 9780385721790</description>
        </log>
      </edit_book_logs>
    </book_log>
    <book_log>
      <isbn>9780385531069</isbn>
      <title>The Night Circus</title>
      <check_out_logs />
      <check_in_logs />
      <renew_book_logs />
      <edit_book_logs>
        <log>
          <date>18/04/2023 02:04:47</date>
          <isbn>9780385531069</isbn>
          <library_card_number />
          <description>new book added to the system with the title 'The Night Circus' and the isbn 9780385531069</description>
        </log>
      </edit_book_logs>
    </book_log>
    <book_log>
      <isbn>9780679755333</isbn>
      <title>Beloved</title>
      <check_out_logs />
      <check_in_logs />
      <renew_book_logs />
      <edit_book_logs>
        <log>
          <date>18/04/2023 02:04:47</date>
          <isbn>9780679755333</isbn>
          <library_card_number />
          <description>new book added to the system with the title 'Beloved' and the isbn 9780679755333</description>
        </log>
      </edit_book_logs>
    </book_log>
    <book_log>
      <isbn>9780375700126</isbn>
      <title>The Wind-Up Bird Chronicle</title>
      <check_out_logs />
      <check_in_logs />
      <renew_book_logs />
      <edit_book_logs>
        <log>
          <date>18/04/2023 02:04:47</date>
          <isbn>9780375700126</isbn>
          <library_card_number />
          <description>new book added to the system with the title 'The Wind-Up Bird Chronicle' and the isbn 9780375700126</description>
        </log>
      </edit_book_logs>
    </book_log>
    <book_log>
      <isbn>9780525475061</isbn>
      <title>The Brief Wondrous Life of Oscar Wao</title>
      <check_out_logs />
      <check_in_logs />
      <renew_book_logs />
      <edit_book_logs>
        <log>
          <date>18/04/2023 02:04:47</date>
          <isbn>9780525475061</isbn>
          <library_card_number />
          <description>new book added to the system with the title 'The Brief Wondrous Life of Oscar Wao' and the isbn 9780525475061</description>
        </log>
      </edit_book_logs>
    </book_log>
    <book_log>
      <isbn>9780060919832</isbn>
      <title>The Color Purple</title>
      <check_out_logs />
      <check_in_logs />
      <renew_book_logs />
      <edit_book_logs>
        <log>
          <date>18/04/2023 02:04:47</date>
          <isbn>9780060919832</isbn>
          <library_card_number />
          <description>new book added to the system with the title 'The Color Purple' and the isbn 9780060919832</description>
        </log>
      </edit_book_logs>
    </book_log>
    <book_log>
      <isbn>9780316015844</isbn>
      <title>The Name of the Wind</title>
      <check_out_logs />
      <check_in_logs />
      <renew_book_logs />
      <edit_book_logs>
        <log>
          <date>18/04/2023 02:04:47</date>
          <isbn>9780316015844</isbn>
          <library_card_number />
          <description>new book added to the system with the title 'The Name of the Wind' and the isbn 9780316015844</description>
        </log>
      </edit_book_logs>
    </book_log>
    <book_log>
      <isbn>9780307277672</isbn>
      <title>The Kite Runner</title>
      <check_out_logs />
      <check_in_logs />
      <renew_book_logs />
      <edit_book_logs>
        <log>
          <date>18/04/2023 02:04:47</date>
          <isbn>9780307277672</isbn>
          <library_card_number />
          <description>new book added to the system with the title 'The Kite Runner' and the isbn 9780307277672</description>
        </log>
      </edit_book_logs>
    </book_log>
    <book_log>
      <isbn>9780375757672</isbn>
      <title>Life of Pi</title>
      <check_out_logs />
      <check_in_logs />
      <renew_book_logs />
      <edit_book_logs>
        <log>
          <date>18/04/2023 02:04:47</date>
          <isbn>9780375757672</isbn>
          <library_card_number />
          <description>new book added to the system with the title 'Life of Pi' and the isbn 9780375757672</description>
        </log>
      </edit_book_logs>
    </book_log>
    <book_log>
      <isbn>9780141187761</isbn>
      <title>The Road</title>
      <check_out_logs />
      <check_in_logs />
      <renew_book_logs />
      <edit_book_logs>
        <log>
          <date>18/04/2023 02:04:47</date>
          <isbn>9780141187761</isbn>
          <library_card_number />
          <description>new book added to the system with the title 'The Road' and the isbn 9780141187761</description>
        </log>
      </edit_book_logs>
    </book_log>
    <book_log>
      <isbn>9781400079988</isbn>
      <title>The Amazing Adventures of Kavalier and Clay</title>
      <check_out_logs />
      <check_in_logs />
      <renew_book_logs />
      <edit_book_logs>
        <log>
          <date>18/04/2023 02:04:47</date>
          <isbn>9781400079988</isbn>
          <library_card_number />
          <description>new book added to the system with the title 'The Amazing Adventures of Kavalier and Clay' and the isbn 9781400079988</description>
        </log>
      </edit_book_logs>
    </book_log>
    <book_log>
      <isbn>9780743273565</isbn>
      <title>The Da Vinci Code</title>
      <check_out_logs />
      <check_in_logs />
      <renew_book_logs />
      <edit_book_logs>
        <log>
          <date>18/04/2023 02:04:47</date>
          <isbn>9780743273565</isbn>
          <library_card_number />
          <description>new book added to the system with the title 'The Da Vinci Code' and the isbn 9780743273565</description>
        </log>
      </edit_book_logs>
    </book_log>
  </book_logs>
  <account_logs>
    <account_log>
      <library_card_number>3537ec73-ef63-459d-9ab2-0e3ac48272b9</library_card_number>
      <name>John Smith</name>
      <fines_logs />
      <edit_account_logs>
        <log>
          <date>18/04/2023 02:04:46</date>
          <isbn />
          <library_card_number>3537ec73-ef63-459d-9ab2-0e3ac48272b9</library_card_number>
          <description>new account added to the system with the name 'John Smith' and the library card number '3537ec73-ef63-459d-9ab2-0e3ac48272b9'</description>
        </log>
      </edit_account_logs>
    </account_log>
    <account_log>
      <library_card_number>dcaece6e-566f-4148-88c1-3e9aad88ec86</library_card_number>
      <name>Jane Doe</name>
      <fines_logs />
      <edit_account_logs>
        <log>
          <date>18/04/2023 02:04:46</date>
          <isbn />
          <library_card_number>dcaece6e-566f-4148-88c1-3e9aad88ec86</library_card_number>
          <description>new account added to the system with the name 'Jane Doe' and the library card number 'dcaece6e-566f-4148-88c1-3e9aad88ec86'</description>
        </log>
      </edit_account_logs>
    </account_log>
    <account_log>
      <library_card_number>01d49c54-1326-447b-a820-52cd3c53c9ffe</library_card_number>
      <name>Johnathon Millard</name>
      <fines_logs />
      <edit_account_logs>
        <log>
          <date>18/04/2023 02:04:46</date>
          <isbn />
          <library_card_number>01d49c54-1326-447b-a820-52cd3c53c9ffe</library_card_number>
          <description>new account added to the system with the name 'Johnathon Millard' and the library card number '01d49c54-1326-447b-a820-52cd3c53c9ffe'</description>
        </log>
      </edit_account_logs>
    </account_log>
    <account_log>
      <library_card_number>9e184a0a-35c8-4dc4-a4c4-2152424c2336</library_card_number>
      <name>Michael Johnson</name>
      <fines_logs />
      <edit_account_logs>
        <log>
          <date>18/04/2023 02:04:46</date>
          <isbn />
          <library_card_number>9e184a0a-35c8-4dc4-a4c4-2152424c2336</library_card_number>
          <description>new account added to the system with the name 'Michael Johnson' and the library card number '9e184a0a-35c8-4dc4-a4c4-2152424c2336'</description>
        </log>
      </edit_account_logs>
    </account_log>
    <account_log>
      <library_card_number>43a4db92-7a0f-41d8-bc00-f3a3eeff2ba2</library_card_number>
      <name>Emily Rodriguez</name>
      <fines_logs />
      <edit_account_logs>
        <log>
          <date>18/04/2023 02:04:46</date>
          <isbn />
          <library_card_number>43a4db92-7a0f-41d8-bc00-f3a3eeff2ba2</library_card_number>
          <description>new account added to the system with the name 'Emily Rodriguez' and the library card number '43a4db92-7a0f-41d8-bc00-f3a3eeff2ba2'</description>
        </log>
      </edit_account_logs>
    </account_log>
    <account_log>
      <library_card_number>68a0a924-98c7-4e3a-9c2d-10f93868c6f3</library_card_number>
      <name>William Wilson</name>
      <fines_logs />
      <edit_account_logs>
        <log>
          <date>18/04/2023 02:04:46</date>
          <isbn />
          <library_card_number>68a0a924-98c7-4e3a-9c2d-10f93868c6f3</library_card_number>
          <description>new account added to the system with the name 'William Wilson' and the library card number '68a0a924-98c7-4e3a-9c2d-10f93868c6f3'</description>
        </log>
      </edit_account_logs>
    </account_log>
    <account_log>
      <library_card_number>89df7f47-9cfc-4328-82b5-7c5af5e472e5</library_card_number>
      <name>Samantha Garcia</name>
      <fines_logs />
      <edit_account_logs>
        <log>
          <date>18/04/2023 02:04:46</date>
          <isbn />
          <library_card_number>89df7f47-9cfc-4328-82b5-7c5af5e472e5</library_card_number>
          <description>new account added to the system with the name 'Samantha Garcia' and the library card number '89df7f47-9cfc-4328-82b5-7c5af5e472e5'</description>
        </log>
      </edit_account_logs>
    </account_log>
    <account_log>
      <library_card_number>417163f5-fab2-4155-8c5b-aaebe5c5fc75</library_card_number>
      <name>David Martinez</name>
      <fines_logs />
      <edit_account_logs>
        <log>
          <date>18/04/2023 02:04:46</date>
          <isbn />
          <library_card_number>417163f5-fab2-4155-8c5b-aaebe5c5fc75</library_card_number>
          <description>new account added to the system with the name 'David Martinez' and the library card number '417163f5-fab2-4155-8c5b-aaebe5c5fc75'</description>
        </log>
      </edit_account_logs>
    </account_log>
    <account_log>
      <library_card_number>ce9684c7-4a6c-4fb7-bbe2-9a1b8f6c0dc1</library_card_number>
      <name>Ashley Perez</name>
      <fines_logs />
      <edit_account_logs>
        <log>
          <date>18/04/2023 02:04:46</date>
          <isbn />
          <library_card_number>ce9684c7-4a6c-4fb7-bbe2-9a1b8f6c0dc1</library_card_number>
          <description>new account added to the system with the name 'Ashley Perez' and the library card number 'ce9684c7-4a6c-4fb7-bbe2-9a1b8f6c0dc1'</description>
        </log>
      </edit_account_logs>
    </account_log>
    <account_log>
      <library_card_number>5f5fb65d-9a9a-48df-91c5-4480da2382b2</library_card_number>
      <name>Robert Lee</name>
      <fines_logs />
      <edit_account_logs>
        <log>
          <date>18/04/2023 02:04:46</date>
          <isbn />
          <library_card_number>5f5fb65d-9a9a-48df-91c5-4480da2382b2</library_card_number>
          <description>new account added to the system with the name 'Robert Lee' and the library card number '5f5fb65d-9a9a-48df-91c5-4480da2382b2'</description>
        </log>
      </edit_account_logs>
    </account_log>
  </account_logs>
</logs>